{
  "dataset": "binary_text_metadata_final",
  "accuracy": 0.6870324189526185,
  "f1_macro": 0.6738902577909971,
  "labels": [
    "0",
    "1"
  ],
  "confusion_matrix": [
    [
      195,
      147
    ],
    [
      104,
      356
    ]
  ],
  "classification_report": {
    "0": {
      "precision": 0.6521739130434783,
      "recall": 0.5701754385964912,
      "f1-score": 0.608424336973479,
      "support": 342.0
    },
    "1": {
      "precision": 0.7077534791252486,
      "recall": 0.7739130434782608,
      "f1-score": 0.7393561786085151,
      "support": 460.0
    },
    "accuracy": 0.6870324189526185,
    "macro avg": {
      "precision": 0.6799636960843634,
      "recall": 0.672044241037376,
      "f1-score": 0.6738902577909971,
      "support": 802.0
    },
    "weighted avg": {
      "precision": 0.6840524671552168,
      "recall": 0.6870324189526185,
      "f1-score": 0.6835224007541729,
      "support": 802.0
    }
  },
  "train_rows": 7288,
  "test_rows": 802,
  "label_column": "label2_int",
  "unknown_subjects": [
    "nightlife",
    "politifacts-top-promises"
  ]
}