{
  "dataset": "multiclass_text_metadata_final",
  "accuracy": 0.27435697583788,
  "f1_macro": 0.26681536021855895,
  "labels": [
    "0",
    "1",
    "2",
    "3",
    "4",
    "5"
  ],
  "confusion_matrix": [
    [
      35,
      43,
      57,
      45,
      9,
      25
    ],
    [
      33,
      93,
      46,
      33,
      13,
      32
    ],
    [
      36,
      47,
      72,
      64,
      4,
      44
    ],
    [
      32,
      35,
      52,
      82,
      1,
      47
    ],
    [
      13,
      25,
      17,
      11,
      18,
      8
    ],
    [
      18,
      39,
      41,
      57,
      4,
      52
    ]
  ],
  "classification_report": {
    "0": {
      "precision": 0.20958083832335328,
      "recall": 0.16355140186915887,
      "f1-score": 0.1837270341207349,
      "support": 214.0
    },
    "1": {
      "precision": 0.32978723404255317,
      "recall": 0.372,
      "f1-score": 0.34962406015037595,
      "support": 250.0
    },
    "2": {
      "precision": 0.25263157894736843,
      "recall": 0.2696629213483146,
      "f1-score": 0.2608695652173913,
      "support": 267.0
    },
    "3": {
      "precision": 0.2808219178082192,
      "recall": 0.3293172690763052,
      "f1-score": 0.3031423290203327,
      "support": 249.0
    },
    "4": {
      "precision": 0.3673469387755102,
      "recall": 0.1956521739130435,
      "f1-score": 0.2553191489361702,
      "support": 92.0
    },
    "5": {
      "precision": 0.25,
      "recall": 0.24644549763033174,
      "f1-score": 0.24821002386634844,
      "support": 211.0
    },
    "accuracy": 0.27435697583788,
    "macro avg": {
      "precision": 0.2816947513161674,
      "recall": 0.262771543972859,
      "f1-score": 0.26681536021855895,
      "support": 1283.0
    },
    "weighted avg": {
      "precision": 0.27374927154511053,
      "recall": 0.27435697583788,
      "f1-score": 0.2710209594048829,
      "support": 1283.0
    }
  },
  "train_rows": 11553,
  "test_rows": 1283,
  "label_column": "label6_int",
  "unknown_subjects": [
    "nightlife",
    "politifacts-top-promises"
  ]
}