{
  "dataset": "multiclass_text_only",
  "accuracy": 0.25,
  "f1_macro": 0.23125896254190012,
  "labels": [
    "0",
    "1",
    "2",
    "3",
    "4",
    "5"
  ],
  "confusion_matrix": [
    [
      39,
      60,
      69,
      42,
      3,
      24
    ],
    [
      45,
      86,
      63,
      34,
      4,
      31
    ],
    [
      32,
      61,
      71,
      56,
      2,
      26
    ],
    [
      25,
      34,
      73,
      78,
      2,
      39
    ],
    [
      28,
      38,
      18,
      12,
      9,
      11
    ],
    [
      10,
      36,
      43,
      41,
      1,
      38
    ]
  ],
  "classification_report": {
    "0": {
      "precision": 0.21787709497206703,
      "recall": 0.16455696202531644,
      "f1-score": 0.1875,
      "support": 237.0
    },
    "1": {
      "precision": 0.273015873015873,
      "recall": 0.3269961977186312,
      "f1-score": 0.2975778546712803,
      "support": 263.0
    },
    "2": {
      "precision": 0.21068249258160238,
      "recall": 0.2862903225806452,
      "f1-score": 0.24273504273504273,
      "support": 248.0
    },
    "3": {
      "precision": 0.2965779467680608,
      "recall": 0.3107569721115538,
      "f1-score": 0.3035019455252918,
      "support": 251.0
    },
    "4": {
      "precision": 0.42857142857142855,
      "recall": 0.07758620689655173,
      "f1-score": 0.13138686131386862,
      "support": 116.0
    },
    "5": {
      "precision": 0.22485207100591717,
      "recall": 0.22485207100591717,
      "f1-score": 0.22485207100591717,
      "support": 169.0
    },
    "accuracy": 0.25,
    "macro avg": {
      "precision": 0.2752628178191581,
      "recall": 0.2318397887231026,
      "f1-score": 0.23125896254190012,
      "support": 1284.0
    },
    "weighted avg": {
      "precision": 0.2631188898947514,
      "recall": 0.25,
      "f1-score": 0.2432388088910392,
      "support": 1284.0
    }
  },
  "train_rows": 10269,
  "valid_rows": 1284,
  "label_column": "label6_int"
}