{
  "dataset": "multiclass_text_metadata",
  "accuracy": 0.31230529595015577,
  "f1_macro": 0.31135097286187463,
  "labels": [
    "0",
    "1",
    "2",
    "3",
    "4",
    "5"
  ],
  "confusion_matrix": [
    [
      58,
      49,
      71,
      31,
      8,
      20
    ],
    [
      37,
      98,
      51,
      33,
      17,
      27
    ],
    [
      33,
      44,
      78,
      48,
      5,
      40
    ],
    [
      26,
      37,
      53,
      91,
      6,
      38
    ],
    [
      21,
      35,
      11,
      6,
      32,
      11
    ],
    [
      11,
      27,
      41,
      44,
      2,
      44
    ]
  ],
  "classification_report": {
    "0": {
      "precision": 0.3118279569892473,
      "recall": 0.24472573839662448,
      "f1-score": 0.27423167848699764,
      "support": 237.0
    },
    "1": {
      "precision": 0.33793103448275863,
      "recall": 0.3726235741444867,
      "f1-score": 0.35443037974683544,
      "support": 263.0
    },
    "2": {
      "precision": 0.25573770491803277,
      "recall": 0.31451612903225806,
      "f1-score": 0.2820976491862568,
      "support": 248.0
    },
    "3": {
      "precision": 0.35968379446640314,
      "recall": 0.36254980079681276,
      "f1-score": 0.3611111111111111,
      "support": 251.0
    },
    "4": {
      "precision": 0.45714285714285713,
      "recall": 0.27586206896551724,
      "f1-score": 0.34408602150537637,
      "support": 116.0
    },
    "5": {
      "precision": 0.24444444444444444,
      "recall": 0.2603550295857988,
      "f1-score": 0.2521489971346705,
      "support": 169.0
    },
    "accuracy": 0.31230529595015577,
    "macro avg": {
      "precision": 0.3277946320739572,
      "recall": 0.305105390153583,
      "f1-score": 0.31135097286187463,
      "support": 1284.0
    },
    "weighted avg": {
      "precision": 0.3199551040855444,
      "recall": 0.31230529595015577,
      "f1-score": 0.3125657029379281,
      "support": 1284.0
    }
  },
  "train_rows": 10269,
  "valid_rows": 1284,
  "label_column": "label6_int"
}