{
  "dataset": "multiclass_metadata_only",
  "accuracy": 0.2866043613707165,
  "f1_macro": 0.2868513716696182,
  "labels": [
    "0",
    "1",
    "2",
    "3",
    "4",
    "5"
  ],
  "confusion_matrix": [
    [
      47,
      57,
      66,
      41,
      8,
      18
    ],
    [
      32,
      83,
      58,
      43,
      13,
      34
    ],
    [
      25,
      41,
      89,
      51,
      3,
      39
    ],
    [
      21,
      44,
      60,
      81,
      2,
      43
    ],
    [
      17,
      29,
      18,
      10,
      30,
      12
    ],
    [
      12,
      30,
      47,
      40,
      2,
      38
    ]
  ],
  "classification_report": {
    "0": {
      "precision": 0.3051948051948052,
      "recall": 0.19831223628691982,
      "f1-score": 0.24040920716112532,
      "support": 237.0
    },
    "1": {
      "precision": 0.29225352112676056,
      "recall": 0.3155893536121673,
      "f1-score": 0.30347349177330896,
      "support": 263.0
    },
    "2": {
      "precision": 0.26331360946745563,
      "recall": 0.3588709677419355,
      "f1-score": 0.3037542662116041,
      "support": 248.0
    },
    "3": {
      "precision": 0.30451127819548873,
      "recall": 0.32270916334661354,
      "f1-score": 0.31334622823984526,
      "support": 251.0
    },
    "4": {
      "precision": 0.5172413793103449,
      "recall": 0.25862068965517243,
      "f1-score": 0.3448275862068966,
      "support": 116.0
    },
    "5": {
      "precision": 0.20652173913043478,
      "recall": 0.22485207100591717,
      "f1-score": 0.21529745042492918,
      "support": 169.0
    },
    "accuracy": 0.2866043613707165,
    "macro avg": {
      "precision": 0.3148393887375483,
      "recall": 0.2798257469414543,
      "f1-score": 0.2868513716696182,
      "support": 1284.0
    },
    "weighted avg": {
      "precision": 0.3004907513828248,
      "recall": 0.2866043613707165,
      "f1-score": 0.285947617495373,
      "support": 1284.0
    }
  },
  "train_rows": 10269,
  "valid_rows": 1284,
  "label_column": "label6_int"
}