{
  "dataset": "binary_text_metadata",
  "train_rows": 6489,
  "valid_rows": 799,
  "label_column": "label2_int",
  "accuracy": 0.6795994993742178,
  "f1_macro": 0.6728217333998746,
  "labels": [
    "0",
    "1"
  ],
  "confusion_matrix": [
    [
      214,
      165
    ],
    [
      91,
      329
    ]
  ],
  "classification_report": {
    "0": {
      "precision": 0.7016393442622951,
      "recall": 0.5646437994722955,
      "f1-score": 0.6257309941520468,
      "support": 379.0
    },
    "1": {
      "precision": 0.6659919028340081,
      "recall": 0.7833333333333333,
      "f1-score": 0.7199124726477024,
      "support": 420.0
    },
    "accuracy": 0.6795994993742178,
    "macro avg": {
      "precision": 0.6838156235481516,
      "recall": 0.6739885664028145,
      "f1-score": 0.6728217333998746,
      "support": 799.0
    },
    "weighted avg": {
      "precision": 0.6829010146003671,
      "recall": 0.6795994993742178,
      "f1-score": 0.6752381543124666,
      "support": 799.0
    }
  }
}