{
  "dataset": "multiclass_text_metadata",
  "train_rows": 10269,
  "valid_rows": 1284,
  "label_column": "label6_int",
  "accuracy": 0.3130841121495327,
  "f1_macro": 0.3118721651553075,
  "labels": [
    "0",
    "1",
    "2",
    "3",
    "4",
    "5"
  ],
  "confusion_matrix": [
    [
      59,
      49,
      70,
      31,
      8,
      20
    ],
    [
      37,
      98,
      51,
      33,
      17,
      27
    ],
    [
      32,
      45,
      78,
      48,
      5,
      40
    ],
    [
      25,
      37,
      53,
      92,
      6,
      38
    ],
    [
      21,
      35,
      11,
      6,
      32,
      11
    ],
    [
      10,
      27,
      43,
      44,
      2,
      43
    ]
  ],
  "classification_report": {
    "0": {
      "precision": 0.32065217391304346,
      "recall": 0.2489451476793249,
      "f1-score": 0.28028503562945367,
      "support": 237.0
    },
    "1": {
      "precision": 0.33676975945017185,
      "recall": 0.3726235741444867,
      "f1-score": 0.35379061371841153,
      "support": 263.0
    },
    "2": {
      "precision": 0.2549019607843137,
      "recall": 0.31451612903225806,
      "f1-score": 0.2815884476534296,
      "support": 248.0
    },
    "3": {
      "precision": 0.36220472440944884,
      "recall": 0.3665338645418327,
      "f1-score": 0.36435643564356435,
      "support": 251.0
    },
    "4": {
      "precision": 0.45714285714285713,
      "recall": 0.27586206896551724,
      "f1-score": 0.34408602150537637,
      "support": 116.0
    },
    "5": {
      "precision": 0.24022346368715083,
      "recall": 0.25443786982248523,
      "f1-score": 0.2471264367816092,
      "support": 169.0
    },
    "accuracy": 0.3130841121495327,
    "macro avg": {
      "precision": 0.3286491565644976,
      "recall": 0.3054864423643175,
      "f1-score": 0.3118721651553075,
      "support": 1284.0
    },
    "weighted avg": {
      "precision": 0.32112182308860426,
      "recall": 0.3130841121495327,
      "f1-score": 0.3134269715945667,
      "support": 1284.0
    }
  }
}